-- --------------------------------------------------------
-- Host:                         127.0.0.1
-- Versión del servidor:         5.6.21 - MySQL Community Server (GPL)
-- SO del servidor:              Win32
-- HeidiSQL Versión:             9.5.0.5196
-- --------------------------------------------------------

/*!40101 SET @OLD_CHARACTER_SET_CLIENT=@@CHARACTER_SET_CLIENT */;
/*!40101 SET NAMES utf8 */;
/*!50503 SET NAMES utf8mb4 */;
/*!40014 SET @OLD_FOREIGN_KEY_CHECKS=@@FOREIGN_KEY_CHECKS, FOREIGN_KEY_CHECKS=0 */;
/*!40101 SET @OLD_SQL_MODE=@@SQL_MODE, SQL_MODE='NO_AUTO_VALUE_ON_ZERO' */;


-- Volcando estructura de base de datos para basedatos
CREATE DATABASE IF NOT EXISTS `basedatos` /*!40100 DEFAULT CHARACTER SET latin1 */;
USE `basedatos`;

-- Volcando estructura para tabla basedatos.generos
CREATE TABLE IF NOT EXISTS `generos` (
  `IdGenero` int(11) NOT NULL AUTO_INCREMENT,
  `Genero` varchar(50) DEFAULT '0',
  PRIMARY KEY (`IdGenero`)
) ENGINE=InnoDB AUTO_INCREMENT=5 DEFAULT CHARSET=latin1;

-- Volcando datos para la tabla basedatos.generos: ~4 rows (aproximadamente)
/*!40000 ALTER TABLE `generos` DISABLE KEYS */;
REPLACE INTO `generos` (`IdGenero`, `Genero`) VALUES
	(1, 'Comic'),
	(2, 'Manga Shonen'),
	(3, 'Manga Shojo'),
	(4, 'Manga Seinen');
/*!40000 ALTER TABLE `generos` ENABLE KEYS */;

-- Volcando estructura para tabla basedatos.libros
CREATE TABLE IF NOT EXISTS `libros` (
  `IdLibro` int(11) NOT NULL AUTO_INCREMENT,
  `Nombre` varchar(55) DEFAULT NULL,
  `Descripcion` varchar(1000) DEFAULT NULL,
  `Genero` int(11) DEFAULT NULL,
  `Autor` varchar(50) DEFAULT NULL,
  `Editorial` varchar(50) DEFAULT 'IVREA',
  `Anio` int(4) DEFAULT NULL,
  `Precio` int(11) DEFAULT '300',
  `Imagen` varchar(50) DEFAULT NULL,
  PRIMARY KEY (`IdLibro`),
  KEY `FK_libros_generos` (`Genero`),
  CONSTRAINT `FK_libros_generos` FOREIGN KEY (`Genero`) REFERENCES `generos` (`IdGenero`)
) ENGINE=InnoDB AUTO_INCREMENT=47 DEFAULT CHARSET=latin1;

-- Volcando datos para la tabla basedatos.libros: ~44 rows (aproximadamente)
/*!40000 ALTER TABLE `libros` DISABLE KEYS */;
REPLACE INTO `libros` (`IdLibro`, `Nombre`, `Descripcion`, `Genero`, `Autor`, `Editorial`, `Anio`, `Precio`, `Imagen`) VALUES
	(1, 'Tokyo Ghoul 1', 'La mayoría de los habitantes de Tokyo ignoran una aterradora realidad: en las sombras de su ciudad acechan horribles seres que se camuflan entre la gente para darles caza y devorarlos, los ghouls...', 4, 'Sui Ishida', 'IVREA', 2017, 300, 'tokyoghoul01.jpg'),
	(2, 'Tokyo Ghoul 2', 'La mayoría de los habitantes de Tokyo ignoran una aterradora realidad: en las sombras de su ciudad acechan horribles seres que se camuflan entre la gente para darles caza y devorarlos, los ghouls...\r\n\r\nKen Kaneki es un estudiante tímido y recluido que que', 4, 'Sui Ishida', 'IVREA', 2017, 300, 'tokyoghoul02.jpg'),
	(3, 'Tokyo Ghoul 3', 'La mayoría de los habitantes de Tokyo ignoran una aterradora realidad: en las sombras de su ciudad acechan horribles seres que se camuflan entre la gente para darles caza y devorarlos, los ghouls...', 4, 'Sui Ishida', 'IVREA', 2017, 300, 'tokyoghoul03.jpg'),
	(4, 'My Hero Academia 1', 'La historia se ubica en una realidad en la que más del 80% de la población mundial ha desarrollado un “don”, es decir, superpoderes que les otorgan grandes habilidades. Eso es lo común, lo natural, lo que todos esperan obtener en algún momento. Como consecuencia, también son moneda corriente los superhéroes y supervillanos, y sus respectivos seguidores y detractores.\r\n\r\nEl pobre Izuku Midoriya, un mega fan de los superhéroes, se encuentra en la paradójica situación de pertenecer a esa fracción minoritaria de gente sin poderes. Eso no le impide soñar con estudiar en la Academia de Héroes y llegar a ser uno tan genial como su ídolo, el invencible All Might. ', 2, 'Kohei Horikosh', 'IVREA', 2017, 300, 'myheroacademia01.jpg'),
	(5, 'My Hero Academia 2', 'La historia se ubica en una realidad en la que más del 80% de la población mundial ha desarrollado un “don”, es decir, superpoderes que les otorgan grandes habilidades. Eso es lo común, lo natural, lo que todos esperan obtener en algún momento. Como consecuencia, también son moneda corriente los superhéroes y supervillanos, y sus respectivos seguidores y detractores.\r\n\r\nEl pobre Izuku Midoriya, un mega fan de los superhéroes, se encuentra en la paradójica situación de pertenecer a esa fracción minoritaria de gente sin poderes. Eso no le impide soñar con estudiar en la Academia de Héroes y llegar a ser uno tan genial como su ídolo, el invencible All Might. ', 2, 'Kohei Horikosh', 'IVREA', 2017, 300, 'myheroacademia02.jpg'),
	(6, 'My Hero Academia 3', 'La historia se ubica en una realidad en la que más del 80% de la población mundial ha desarrollado un “don”, es decir, superpoderes que les otorgan grandes habilidades. Eso es lo común, lo natural, lo que todos esperan obtener en algún momento. Como consecuencia, también son moneda corriente los superhéroes y supervillanos, y sus respectivos seguidores y detractores.\r\n\r\nEl pobre Izuku Midoriya, un mega fan de los superhéroes, se encuentra en la paradójica situación de pertenecer a esa fracción minoritaria de gente sin poderes. Eso no le impide soñar con estudiar en la Academia de Héroes y llegar a ser uno tan genial como su ídolo, el invencible All Might. ', 2, 'Kohei Horikosh', 'IVREA', 2017, 300, 'myheroacademia03.jpg'),
	(7, 'Sailor Moon 1', 'Usagi Tsukino iginales era una chica de secundaria común y corriente hasta que una gata parlante llamada Luna le dice que ella es Sailor Moon y le confiere los poderes para transformarse en su nueva identidad. Como tal, debe enfrentar a diversos enemigos e impartir justicia en el nombre de la luna y de la misteriosa Princesa de la Luna. ', 3, 'Naoko Takeuchi', 'IVREA', 2015, 150, 'sailormoon01.jpg'),
	(8, 'Sailor Moon 2', 'Usagi Tsukino iginales era una chica de secundaria común y corriente hasta que una gata parlante llamada Luna le dice que ella es Sailor Moon y le confiere los poderes para transformarse en su nueva identidad. Como tal, debe enfrentar a diversos enemigos e impartir justicia en el nombre de la luna y de la misteriosa Princesa de la Luna. ', 3, 'Naoko Takeuchi', 'IVREA', 2015, 150, 'sailormoon02.jpg'),
	(9, 'Metal Gear Solid 1', 'Cuando Foxhound, un grupo de terroristas modificados genéticamente toma una base secreta en Alaska, el destino de Estados Unidos -y el resto del mundo- pende de un hilo. Solamente Solid Snake, un experto espía, puede impedirlo infiltrándose en la base para así evitar que se desate una nueva guerra.', 1, 'Kris Oprisko, Ashley Wood', 'IVREA', 2007, 150, 'metalgearsolid1.jpg'),
	(10, 'Metal Gear Solid 2', 'Cuando Foxhound, un grupo de terroristas modificados genéticamente toma una base secreta en Alaska, el destino de Estados Unidos -y el resto del mundo- pende de un hilo. Solamente Solid Snake, un experto espía, puede impedirlo infiltrándose en la base para así evitar que se desate una nueva guerra.', 1, 'Kris Oprisko, Ashley Wood', 'IVREA', 2007, 150, 'metalgearsolid1.jpg'),
	(12, 'Tokyo Ghoul 4', 'La mayoría de los habitantes de Tokyo ignoran una aterradora realidad: en las sombras de su ciudad acechan horribles seres que se camuflan entre la gente para darles caza y devorarlos, los ghouls...', 4, 'Sui Ishida', 'IVREA', 2017, 300, 'tokyoghoul04.jpg'),
	(13, 'Tokyo Ghoul 5', 'La mayoría de los habitantes de Tokyo ignoran una aterradora realidad: en las sombras de su ciudad acechan horribles seres que se camuflan entre la gente para darles caza y devorarlos, los ghouls...', 4, 'Sui Ishida', 'IVREA', 2017, 300, 'tokyoghoul05.jpg'),
	(14, 'Tokyo Ghoul 6', 'La mayoría de los habitantes de Tokyo ignoran una aterradora realidad: en las sombras de su ciudad acechan horribles seres que se camuflan entre la gente para darles caza y devorarlos, los ghouls...', 4, 'Sui Ishida', 'IVREA', 2017, 300, 'tokyoghoul06.jpg'),
	(15, 'Tokyo Ghoul 7', 'La mayoría de los habitantes de Tokyo ignoran una aterradora realidad: en las sombras de su ciudad acechan horribles seres que se camuflan entre la gente para darles caza y devorarlos, los ghouls...', 4, 'Sui Ishida', 'IVREA', 2017, 300, 'tokyoghoul07.jpg'),
	(16, 'Tokyo Ghoul 8', 'La mayoría de los habitantes de Tokyo ignoran una aterradora realidad: en las sombras de su ciudad acechan horribles seres que se camuflan entre la gente para darles caza y devorarlos, los ghouls...', 4, 'Sui Ishida', 'IVREA', 2017, 300, 'tokyoghoul08.jpg'),
	(17, 'Tokyo Ghoul 9', 'La mayoría de los habitantes de Tokyo ignoran una aterradora realidad: en las sombras de su ciudad acechan horribles seres que se camuflan entre la gente para darles caza y devorarlos, los ghouls...', 4, 'Sui Ishida', 'IVREA', 2017, 300, 'tokyoghoul09.jpg'),
	(18, 'Tokyo Ghoul 10', 'La mayoría de los habitantes de Tokyo ignoran una aterradora realidad: en las sombras de su ciudad acechan horribles seres que se camuflan entre la gente para darles caza y devorarlos, los ghouls...', 4, 'Sui Ishida', 'IVREA', 2017, 300, 'tokyoghoul10.jpg'),
	(19, 'Tokyo Ghoul 11', 'La mayoría de los habitantes de Tokyo ignoran una aterradora realidad: en las sombras de su ciudad acechan horribles seres que se camuflan entre la gente para darles caza y devorarlos, los ghouls...', 4, 'Sui Ishida', 'IVREA', 2017, 300, 'tokyoghoul11.jpg'),
	(20, 'Tokyo Ghoul 12', 'La mayoría de los habitantes de Tokyo ignoran una aterradora realidad: en las sombras de su ciudad acechan horribles seres que se camuflan entre la gente para darles caza y devorarlos, los ghouls...', 4, 'Sui Ishida', 'IVREA', 2017, 300, 'tokyoghoul12.jpg'),
	(21, 'Tokyo Ghoul 13', 'La mayoría de los habitantes de Tokyo ignoran una aterradora realidad: en las sombras de su ciudad acechan horribles seres que se camuflan entre la gente para darles caza y devorarlos, los ghouls...', 4, 'Sui Ishida', 'IVREA', 2017, 300, 'tokyoghoul13.jpg'),
	(22, 'Tokyo Ghoul 14', 'La mayoría de los habitantes de Tokyo ignoran una aterradora realidad: en las sombras de su ciudad acechan horribles seres que se camuflan entre la gente para darles caza y devorarlos, los ghouls...', 4, 'Sui Ishida', 'IVREA', 2017, 300, 'tokyoghoul14.jpg'),
	(24, 'Tokyo Ghoul Re: 1', 'Retomando los sucesos de Tokyo Ghoul, esta continuación se ubica dos años después del ataque del CCG al Anteiku. Los ghouls siguen siendo un problema, pero la atmósfera de Tokyo cambió por el aumento de la influencia del CCG. Para poder exterminarlos de una vez por todas, deciden crear una nueva división, el escuadrón Quinx, integrado por humanos sometidos cirugías para incorporar habilidades ghouls. El líder del grupo es el misterioso Haise Sasaki, con varios secretos y un pasado por develar.', 4, 'Sui Ishida', 'IVREA', 2018, 300, 'tokyoghoulre01.jpg'),
	(25, 'Tokyo Ghoul Re: 2', 'Retomando los sucesos de Tokyo Ghoul, esta continuación se ubica dos años después del ataque del CCG al Anteiku. Los ghouls siguen siendo un problema, pero la atmósfera de Tokyo cambió por el aumento de la influencia del CCG. Para poder exterminarlos de una vez por todas, deciden crear una nueva división, el escuadrón Quinx, integrado por humanos sometidos cirugías para incorporar habilidades ghouls. El líder del grupo es el misterioso Haise Sasaki, con varios secretos y un pasado por develar.', 4, 'Sui Ishida', 'IVREA', 2018, 300, 'tokyoghoulre02.jpg'),
	(26, 'Tokyo Ghoul Re: 3', 'Retomando los sucesos de Tokyo Ghoul, esta continuación se ubica dos años después del ataque del CCG al Anteiku. Los ghouls siguen siendo un problema, pero la atmósfera de Tokyo cambió por el aumento de la influencia del CCG. Para poder exterminarlos de una vez por todas, deciden crear una nueva división, el escuadrón Quinx, integrado por humanos sometidos cirugías para incorporar habilidades ghouls. El líder del grupo es el misterioso Haise Sasaki, con varios secretos y un pasado por develar.', 4, 'Sui Ishida', 'IVREA', 2018, 300, 'tokyoghoulre03.jpg'),
	(27, 'Tokyo Ghoul Re: 4', 'Retomando los sucesos de Tokyo Ghoul, esta continuación se ubica dos años después del ataque del CCG al Anteiku. Los ghouls siguen siendo un problema, pero la atmósfera de Tokyo cambió por el aumento de la influencia del CCG. Para poder exterminarlos de una vez por todas, deciden crear una nueva división, el escuadrón Quinx, integrado por humanos sometidos cirugías para incorporar habilidades ghouls. El líder del grupo es el misterioso Haise Sasaki, con varios secretos y un pasado por develar.', 4, 'Sui Ishida', 'IVREA', 2018, 300, 'tokyoghoulre04.jpg'),
	(28, 'Tokyo Ghoul Re: 5', 'Retomando los sucesos de Tokyo Ghoul, esta continuación se ubica dos años después del ataque del CCG al Anteiku. Los ghouls siguen siendo un problema, pero la atmósfera de Tokyo cambió por el aumento de la influencia del CCG. Para poder exterminarlos de una vez por todas, deciden crear una nueva división, el escuadrón Quinx, integrado por humanos sometidos cirugías para incorporar habilidades ghouls. El líder del grupo es el misterioso Haise Sasaki, con varios secretos y un pasado por develar.', 4, 'Sui Ishida', 'IVREA', 2018, 300, 'tokyoghoulre05.jpg'),
	(29, 'My Hero Academia 4', 'La historia se ubica en una realidad en la que más del 80% de la población mundial ha desarrollado un “don”, es decir, superpoderes que les otorgan grandes habilidades. Eso es lo común, lo natural, lo que todos esperan obtener en algún momento. Como consecuencia, también son moneda corriente los superhéroes y supervillanos, y sus respectivos seguidores y detractores.\r\n\r\nEl pobre Izuku Midoriya, un mega fan de los superhéroes, se encuentra en la paradójica situación de pertenecer a esa fracción minoritaria de gente sin poderes. Eso no le impide soñar con estudiar en la Academia de Héroes y llegar a ser uno tan genial como su ídolo, el invencible All Might. ', 2, 'Kohei Horikosh', 'IVREA', 2017, 300, 'myheroacademia04.jpg'),
	(30, 'My Hero Academia 5', 'La historia se ubica en una realidad en la que más del 80% de la población mundial ha desarrollado un “don”, es decir, superpoderes que les otorgan grandes habilidades. Eso es lo común, lo natural, lo que todos esperan obtener en algún momento. Como consecuencia, también son moneda corriente los superhéroes y supervillanos, y sus respectivos seguidores y detractores.\r\n\r\nEl pobre Izuku Midoriya, un mega fan de los superhéroes, se encuentra en la paradójica situación de pertenecer a esa fracción minoritaria de gente sin poderes. Eso no le impide soñar con estudiar en la Academia de Héroes y llegar a ser uno tan genial como su ídolo, el invencible All Might. ', 2, 'Kohei Horikosh', 'IVREA', 2017, 300, 'myheroacademia05.jpg'),
	(31, 'My Hero Academia 6', 'La historia se ubica en una realidad en la que más del 80% de la población mundial ha desarrollado un “don”, es decir, superpoderes que les otorgan grandes habilidades. Eso es lo común, lo natural, lo que todos esperan obtener en algún momento. Como consecuencia, también son moneda corriente los superhéroes y supervillanos, y sus respectivos seguidores y detractores.\r\n\r\nEl pobre Izuku Midoriya, un mega fan de los superhéroes, se encuentra en la paradójica situación de pertenecer a esa fracción minoritaria de gente sin poderes. Eso no le impide soñar con estudiar en la Academia de Héroes y llegar a ser uno tan genial como su ídolo, el invencible All Might. ', 2, 'Kohei Horikosh', 'IVREA', 2017, 300, 'myheroacademia06.jpg'),
	(32, 'My Hero Academia 7', 'La historia se ubica en una realidad en la que más del 80% de la población mundial ha desarrollado un “don”, es decir, superpoderes que les otorgan grandes habilidades. Eso es lo común, lo natural, lo que todos esperan obtener en algún momento. Como consecuencia, también son moneda corriente los superhéroes y supervillanos, y sus respectivos seguidores y detractores.\r\n\r\nEl pobre Izuku Midoriya, un mega fan de los superhéroes, se encuentra en la paradójica situación de pertenecer a esa fracción minoritaria de gente sin poderes. Eso no le impide soñar con estudiar en la Academia de Héroes y llegar a ser uno tan genial como su ídolo, el invencible All Might. ', 2, 'Kohei Horikosh', 'IVREA', 2017, 300, 'myheroacademia07.jpg'),
	(33, 'My Hero Academia 8', 'La historia se ubica en una realidad en la que más del 80% de la población mundial ha desarrollado un “don”, es decir, superpoderes que les otorgan grandes habilidades. Eso es lo común, lo natural, lo que todos esperan obtener en algún momento. Como consecuencia, también son moneda corriente los superhéroes y supervillanos, y sus respectivos seguidores y detractores.\r\n\r\nEl pobre Izuku Midoriya, un mega fan de los superhéroes, se encuentra en la paradójica situación de pertenecer a esa fracción minoritaria de gente sin poderes. Eso no le impide soñar con estudiar en la Academia de Héroes y llegar a ser uno tan genial como su ídolo, el invencible All Might. ', 2, 'Kohei Horikosh', 'IVREA', 2017, 300, 'myheroacademia08.jpg'),
	(34, 'My Hero Academia 9', 'La historia se ubica en una realidad en la que más del 80% de la población mundial ha desarrollado un “don”, es decir, superpoderes que les otorgan grandes habilidades. Eso es lo común, lo natural, lo que todos esperan obtener en algún momento. Como consecuencia, también son moneda corriente los superhéroes y supervillanos, y sus respectivos seguidores y detractores.\r\n\r\nEl pobre Izuku Midoriya, un mega fan de los superhéroes, se encuentra en la paradójica situación de pertenecer a esa fracción minoritaria de gente sin poderes. Eso no le impide soñar con estudiar en la Academia de Héroes y llegar a ser uno tan genial como su ídolo, el invencible All Might. ', 2, 'Kohei Horikosh', 'IVREA', 2017, 300, 'myheroacademia09.jpg'),
	(35, 'My Hero Academia 10', 'La historia se ubica en una realidad en la que más del 80% de la población mundial ha desarrollado un “don”, es decir, superpoderes que les otorgan grandes habilidades. Eso es lo común, lo natural, lo que todos esperan obtener en algún momento. Como consecuencia, también son moneda corriente los superhéroes y supervillanos, y sus respectivos seguidores y detractores.\r\n\r\nEl pobre Izuku Midoriya, un mega fan de los superhéroes, se encuentra en la paradójica situación de pertenecer a esa fracción minoritaria de gente sin poderes. Eso no le impide soñar con estudiar en la Academia de Héroes y llegar a ser uno tan genial como su ídolo, el invencible All Might. ', 2, 'Kohei Horikosh', 'IVREA', 2017, 300, 'myheroacademia10.jpg'),
	(36, 'My Hero Academia 11', 'La historia se ubica en una realidad en la que más del 80% de la población mundial ha desarrollado un “don”, es decir, superpoderes que les otorgan grandes habilidades. Eso es lo común, lo natural, lo que todos esperan obtener en algún momento. Como consecuencia, también son moneda corriente los superhéroes y supervillanos, y sus respectivos seguidores y detractores.\r\n\r\nEl pobre Izuku Midoriya, un mega fan de los superhéroes, se encuentra en la paradójica situación de pertenecer a esa fracción minoritaria de gente sin poderes. Eso no le impide soñar con estudiar en la Academia de Héroes y llegar a ser uno tan genial como su ídolo, el invencible All Might. ', 2, 'Kohei Horikosh', 'IVREA', 2017, 300, 'myheroacademia11.jpg'),
	(37, 'Sailor Moon 3', 'Usagi Tsukino iginales era una chica de secundaria común y corriente hasta que una gata parlante llamada Luna le dice que ella es Sailor Moon y le confiere los poderes para transformarse en su nueva identidad. Como tal, debe enfrentar a diversos enemigos e impartir justicia en el nombre de la luna y de la misteriosa Princesa de la Luna. ', 3, 'Naoko Takeuchi', 'IVREA', 2015, 150, 'sailormoon03.jpg'),
	(38, 'Sailor Moon 4', 'Usagi Tsukino iginales era una chica de secundaria común y corriente hasta que una gata parlante llamada Luna le dice que ella es Sailor Moon y le confiere los poderes para transformarse en su nueva identidad. Como tal, debe enfrentar a diversos enemigos e impartir justicia en el nombre de la luna y de la misteriosa Princesa de la Luna. ', 3, 'Naoko Takeuchi', 'IVREA', 2015, 150, 'sailormoon04.jpg'),
	(39, 'Sailor Moon 5', 'Usagi Tsukino iginales era una chica de secundaria común y corriente hasta que una gata parlante llamada Luna le dice que ella es Sailor Moon y le confiere los poderes para transformarse en su nueva identidad. Como tal, debe enfrentar a diversos enemigos e impartir justicia en el nombre de la luna y de la misteriosa Princesa de la Luna. ', 3, 'Naoko Takeuchi', 'IVREA', 2015, 150, 'sailormoon05.jpg'),
	(40, 'Sailor Moon 6', 'Usagi Tsukino iginales era una chica de secundaria común y corriente hasta que una gata parlante llamada Luna le dice que ella es Sailor Moon y le confiere los poderes para transformarse en su nueva identidad. Como tal, debe enfrentar a diversos enemigos e impartir justicia en el nombre de la luna y de la misteriosa Princesa de la Luna. ', 3, 'Naoko Takeuchi', 'IVREA', 2015, 150, 'sailormoon06.jpg'),
	(41, 'Sailor Moon 7', 'Usagi Tsukino iginales era una chica de secundaria común y corriente hasta que una gata parlante llamada Luna le dice que ella es Sailor Moon y le confiere los poderes para transformarse en su nueva identidad. Como tal, debe enfrentar a diversos enemigos e impartir justicia en el nombre de la luna y de la misteriosa Princesa de la Luna. ', 3, 'Naoko Takeuchi', 'IVREA', 2015, 150, 'sailormoon07.jpg'),
	(42, 'Sailor Moon 8', 'Usagi Tsukino iginales era una chica de secundaria común y corriente hasta que una gata parlante llamada Luna le dice que ella es Sailor Moon y le confiere los poderes para transformarse en su nueva identidad. Como tal, debe enfrentar a diversos enemigos e impartir justicia en el nombre de la luna y de la misteriosa Princesa de la Luna. ', 3, 'Naoko Takeuchi', 'IVREA', 2015, 150, 'sailormoon08.jpg'),
	(43, 'Sailor Moon 9', 'Usagi Tsukino iginales era una chica de secundaria común y corriente hasta que una gata parlante llamada Luna le dice que ella es Sailor Moon y le confiere los poderes para transformarse en su nueva identidad. Como tal, debe enfrentar a diversos enemigos e impartir justicia en el nombre de la luna y de la misteriosa Princesa de la Luna. ', 3, 'Naoko Takeuchi', 'IVREA', 2015, 150, 'sailormoon09.jpg'),
	(44, 'Sailor Moon 10', 'Usagi Tsukino iginales era una chica de secundaria común y corriente hasta que una gata parlante llamada Luna le dice que ella es Sailor Moon y le confiere los poderes para transformarse en su nueva identidad. Como tal, debe enfrentar a diversos enemigos e impartir justicia en el nombre de la luna y de la misteriosa Princesa de la Luna. ', 3, 'Naoko Takeuchi', 'IVREA', 2015, 150, 'sailormoon10.jpg'),
	(45, 'Sailor Moon 11', 'Usagi Tsukino iginales era una chica de secundaria común y corriente hasta que una gata parlante llamada Luna le dice que ella es Sailor Moon y le confiere los poderes para transformarse en su nueva identidad. Como tal, debe enfrentar a diversos enemigos e impartir justicia en el nombre de la luna y de la misteriosa Princesa de la Luna. ', 3, 'Naoko Takeuchi', 'IVREA', 2015, 150, 'sailormoon11.jpg'),
	(46, 'Sailor Moon 12', 'Usagi Tsukino iginales era una chica de secundaria común y corriente hasta que una gata parlante llamada Luna le dice que ella es Sailor Moon y le confiere los poderes para transformarse en su nueva identidad. Como tal, debe enfrentar a diversos enemigos e impartir justicia en el nombre de la luna y de la misteriosa Princesa de la Luna. ', 3, 'Naoko Takeuchi', 'IVREA', 2015, 150, 'sailormoon12.jpg');
/*!40000 ALTER TABLE `libros` ENABLE KEYS */;

-- Volcando estructura para tabla basedatos.usuarios
CREATE TABLE IF NOT EXISTS `usuarios` (
  `IdUsuario` int(11) NOT NULL AUTO_INCREMENT,
  `Nombre` varchar(16) DEFAULT NULL,
  `Clave` varchar(16) DEFAULT NULL,
  `Nivel` int(11) DEFAULT NULL,
  PRIMARY KEY (`IdUsuario`)
) ENGINE=InnoDB AUTO_INCREMENT=4 DEFAULT CHARSET=latin1;

-- Volcando datos para la tabla basedatos.usuarios: ~2 rows (aproximadamente)
/*!40000 ALTER TABLE `usuarios` DISABLE KEYS */;
REPLACE INTO `usuarios` (`IdUsuario`, `Nombre`, `Clave`, `Nivel`) VALUES
	(1, 'admin', 'admin', 0),
	(2, 'user', 'user', 2),
	(3, 'voltzu', 'dinamita14', 2);
/*!40000 ALTER TABLE `usuarios` ENABLE KEYS */;

/*!40101 SET SQL_MODE=IFNULL(@OLD_SQL_MODE, '') */;
/*!40014 SET FOREIGN_KEY_CHECKS=IF(@OLD_FOREIGN_KEY_CHECKS IS NULL, 1, @OLD_FOREIGN_KEY_CHECKS) */;
/*!40101 SET CHARACTER_SET_CLIENT=@OLD_CHARACTER_SET_CLIENT */;
